cellname	chrom	allele	tumor_start_idx	ref_start_idx	length	event	copies
founder	chr1	0	34509001	34509001	4154000	gain	2
founder	chr1	0	58763001	50454001	819000	del	2
founder	chr1	0	100033001	92543001	6005000	del	1
founder	chr1	0	24496001	24496001	4638000	del	1
founder	chr1	0	46410001	42740001	1558000	gain	5
founder	chr1	0	53752001	43850001	20358000	gain	2
founder	chr1	1	45673001	45673001	8674000	gain	1
founder	chr1	0	30670001	35308001	629000	gain	1
founder	chr1	0	73646001	62375001	4271000	del	3
founder	chr1	0	8755001	8755001	1412000	del	2
founder	chr1	0	136419001	90117001	3842000	gain	1
founder	chr1	1	58384001	49710001	285000	gain	3
founder	chr1	1	17355001	17355001	14863000	gain	1
founder	chr1	0	60961001	50283001	699000	del	4
founder	chr1	0	127862001	82259001	3219000	del	2
founder	chr1	0	75631001	49566001	1845000	del	2
founder	chr1	0	15675001	17087001	2736000	del	4
founder	chr1	0	62645001	56221001	2429000	gain	2
founder	chr1	0	90240001	43541001	10780000	gain	1
founder	chr1	0	71112001	59830001	19857000	gain	1
ancestor2	chr1	1	4961001	4961001	5463000	gain	1
ancestor2	chr1	1	27153001	21690001	1225000	del	1
ancestor2	chr1	1	75809001	48034001	4235000	gain	1
ancestor4	chr1	0	62849001	56425001	1132000	del	1
ancestor5	chr1	0	146187001	69670001	8678000	gain	1
ancestor5	chr1	0	113294001	46738001	7015000	gain	2
ancestor6	chr1	1	41995001	22894001	12902000	del	2
ancestor6	chr1	1	74657001	54694001	1322000	gain	1
ancestor7	chr1	1	112440001	88048001	1479000	del	1
ancestor7	chr1	1	54360001	39497001	652000	del	3
ancestor7	chr1	1	32130001	32130001	976000	del	1
ancestor7	chr1	0	5951001	5951001	17175000	del	2
ancestor7	chr1	0	61678001	53330001	1589000	del	1
ancestor8	chr1	0	69585001	58303001	11405000	del	6
cell1	chr1	0	79481001	55090001	1043000	gain	1
cell1	chr1	1	93539001	69147001	3696000	gain	2
ancestor9	chr1	0	6172001	6172001	125000	del	1
ancestor9	chr1	0	80535001	56269001	9162000	del	1
ancestor9	chr1	1	44049001	29186001	1207000	del	3
ancestor9	chr1	0	115593001	48676001	2151000	del	4
cell2	chr1	1	39283001	20182001	5405000	gain	1
cell2	chr1	0	128994001	48408001	4647000	del	3
cell2	chr1	0	101563001	56183001	4183000	del	2
ancestor10	chr1	1	101585001	68720001	23572000	gain	3
ancestor11	chr1	0	146185001	69668001	10703000	del	2
ancestor11	chr1	1	67913001	48805001	3489000	del	1
ancestor11	chr1	1	91025001	73229001	7654000	del	1
ancestor12	chr1	1	21609001	16146001	461000	gain	1
ancestor12	chr1	0	31612001	35615001	1344000	gain	2
ancestor12	chr1	0	145186001	65981001	3197000	gain	1
ancestor12	chr1	1	91130001	69384001	7849000	del	1
ancestor12	chr1	1	13306001	7843001	88000	del	1
cell3	chr1	0	9151001	35112001	2001000	gain	3
ancestor13	chr1	0	125606001	67853001	10511000	gain	1
ancestor13	chr1	1	97823001	75059001	473000	del	2
ancestor13	chr1	0	48498001	56820001	20664000	del	2
cell4	chr1	1	47443001	32580001	2399000	del	2
ancestor14	chr1	0	56621001	48680001	2829000	del	1
ancestor14	chr1	0	60686001	57090001	12568000	gain	4
ancestor14	chr1	0	58718001	55122001	14671000	del	1
ancestor15	chr1	1	73525001	50340001	2225000	gain	1
ancestor15	chr1	1	61566001	47910001	1744000	del	1
ancestor15	chr1	1	30262001	30262001	2366000	del	2
cell5	chr1	0	35009001	34858001	12986000	gain	1
cell5	chr1	1	36413001	32175001	3113000	del	1
cell5	chr1	1	136082001	82758001	2317000	del	4
cell6	chr1	0	117040001	51303001	7320000	del	1
cell6	chr1	0	6248001	6248001	4872000	del	3
cell6	chr1	0	43302001	43349001	11074000	del	1
cell6	chr1	1	49293001	30192001	19716000	del	1
cell7	chr1	1	92271001	82129001	4413000	del	1
cell7	chr1	1	95996001	90267001	7403000	del	4
ancestor17	chr1	0	67794001	56512001	5805000	del	5
cell8	chr1	1	38618001	19144001	4514000	gain	1
cell8	chr1	0	33022001	35681001	6306000	del	1
cell8	chr1	1	8529001	8529001	10463000	gain	1
ancestor18	chr1	1	104181001	90372001	178000	del	3
ancestor18	chr1	1	75472001	55136001	1198000	gain	2
cell9	chr1	0	101140001	64051001	8200000	gain	3
cell9	chr1	0	124006001	70517001	3078000	gain	2
ancestor21	chr1	0	45889001	44180001	10202000	del	2
ancestor21	chr1	1	110242001	85850001	5201000	del	1
ancestor21	chr1	0	71759001	60206001	3738000	del	4
ancestor21	chr1	0	99724001	61157001	14229000	del	1
cell10	chr1	0	77130001	52864001	381000	gain	3
cell10	chr1	0	75817001	48887001	8201000	gain	3
cell11	chr1	1	47115001	35825001	15037000	del	1
cell11	chr1	1	49234001	46050001	1428000	gain	1
cell11	chr1	0	59715001	53416001	6189000	gain	1
ancestor23	chr1	0	7604001	7729001	2279000	gain	1
ancestor23	chr1	0	46239001	43934001	5215000	del	1
ancestor23	chr1	1	110988001	87803001	430000	del	2
ancestor23	chr1	0	17310001	16568001	3935000	gain	2
cell12	chr1	0	132713001	62001001	11641000	del	1
cell13	chr1	1	38049001	18948001	10965000	del	2
cell13	chr1	0	93047001	53472001	10668000	gain	2
cell13	chr1	0	79694001	59976001	212000	gain	2
cell13	chr1	0	124363001	63028001	4508000	gain	2
cell13	chr1	0	37128001	36977001	1094000	del	3
ancestor24	chr1	1	78575001	55843001	4129000	del	6
ancestor24	chr1	0	47561001	43164001	4064000	del	2
ancestor25	chr1	0	154411001	72009001	13272000	gain	2
ancestor25	chr1	0	61869001	52757001	3644000	del	7
ancestor25	chr1	0	57815001	47186001	17376000	del	2
ancestor25	chr1	0	124238001	66052001	7946000	del	1
ancestor25	chr1	1	79420001	55366001	314000	gain	3
ancestor26	chr1	1	38839001	24952001	417000	del	2
cell15	chr1	1	4166001	4166001	8700000	gain	6
cell15	chr1	1	88704001	21641001	1235000	del	5
cell15	chr1	1	152991001	77634001	12717000	gain	1
cell16	chr1	0	83706001	61951001	7647000	gain	3
cell16	chr1	0	116488001	59224001	11192000	del	4
cell17	chr1	0	155432001	88935001	521000	gain	2
cell17	chr1	0	59924001	60939001	320000	gain	1
cell17	chr1	0	89627001	56356001	6642000	gain	2
ancestor27	chr1	0	56393001	57408001	1300000	del	3
ancestor27	chr1	0	138126001	69710001	2327000	del	3
ancestor27	chr1	0	14300001	15712001	5947000	gain	2
ancestor27	chr1	0	24937001	23138001	341000	del	2
ancestor27	chr1	0	134858001	54889001	178000	gain	1
cell18	chr1	1	77548001	54363001	17336000	del	1
cell18	chr1	1	75562001	52377001	9979000	del	4
cell18	chr1	1	27975001	27975001	3372000	del	1
cell18	chr1	0	131837001	67890001	4131000	gain	1
cell18	chr1	0	45709001	44125001	21433000	del	1
cell18	chr1	0	39091001	39065001	3560000	gain	3
cell18	chr1	1	77033001	84535001	3133000	del	1
cell19	chr1	0	57501001	49685001	4720000	gain	1
ancestor28	chr1	1	90952001	67767001	6072000	del	2
ancestor29	chr1	0	120890001	52009001	2303000	gain	2
ancestor29	chr1	1	76369001	53184001	242000	gain	1
cell20	chr1	0	17927001	22075001	13921000	gain	1
cell20	chr1	0	97260001	59192001	5166000	del	1
cell20	chr1	0	122034001	48099001	1017000	del	2
ancestor30	chr1	0	148274001	69936001	11641000	gain	2
ancestor30	chr1	0	180606001	78986001	1942000	gain	5
ancestor31	chr1	0	25444001	34230001	947000	del	1
ancestor32	chr1	1	110230001	93261001	920000	gain	2
ancestor32	chr1	0	9838001	11250001	12819000	gain	2
ancestor32	chr1	0	85943001	53113001	3690000	gain	1
cell21	chr1	1	11424001	11424001	5359000	gain	3
cell22	chr1	1	47749001	34279001	5198000	gain	2
cell23	chr1	0	156707001	78887001	1420000	gain	1
cell24	chr1	0	166294001	91693001	1884000	gain	5
cell24	chr1	0	85527001	57727001	34000	del	3
cell24	chr1	1	96041001	71649001	3916000	gain	2
ancestor34	chr1	0	133102001	64221001	740000	del	2
ancestor34	chr1	0	56842001	44092001	6173000	gain	2
ancestor34	chr1	0	74481001	49386001	3474000	del	2
ancestor35	chr1	1	114176001	91179001	1017000	del	1
ancestor35	chr1	0	4005001	4005001	4273000	del	1
ancestor36	chr1	0	110554001	49483001	1378000	gain	1
ancestor36	chr1	1	38542001	23679001	5482000	del	1
cell25	chr1	1	61515001	46269001	739000	gain	3
cell25	chr1	0	101247001	57243001	2475000	del	1
cell25	chr1	1	94322001	80029001	332000	gain	1
cell25	chr1	0	190968001	82113001	312000	del	1
ancestor37	chr1	1	59910001	53337001	7858000	gain	2
ancestor38	chr1	0	21689001	30475001	6828000	del	1
cell27	chr1	1	48955001	42383001	3297000	del	1
cell27	chr1	0	55070001	37589001	11093000	del	1
cell27	chr1	1	95442001	81592001	3889000	gain	2
ancestor39	chr1	0	47404001	30552001	2922000	del	3
ancestor39	chr1	0	86163001	56255001	5996000	del	2
cell28	chr1	1	38967001	24104001	1699000	gain	5
cell28	chr1	0	137521001	68640001	985000	gain	1
cell29	chr1	1	87849001	64664001	8993000	del	3
cell29	chr1	1	82370001	59185001	4452000	gain	1
cell29	chr1	1	100746001	88604001	10120000	gain	1
cell29	chr1	0	153845001	88183001	729000	gain	2
ancestor40	chr1	0	67791001	48868001	1999000	gain	1
ancestor41	chr1	1	99096001	75669001	15846000	gain	1
ancestor41	chr1	1	10847001	10847001	303000	del	1
ancestor41	chr1	0	106799001	50001001	3764000	gain	3
ancestor42	chr1	0	78127001	53200001	12904000	gain	1
ancestor43	chr1	0	12080001	11338001	1592000	del	1
ancestor44	chr1	0	118766001	45537001	1324000	del	1
ancestor44	chr1	1	27012001	27012001	1233000	gain	1
ancestor44	chr1	0	25440001	16828001	5175000	gain	2
cell31	chr1	1	60565001	53992001	7260000	del	1
cell31	chr1	0	44223001	41384001	933000	gain	2
cell31	chr1	1	96118001	67737001	936000	gain	2
ancestor45	chr1	1	61416001	46170001	388000	gain	1
ancestor45	chr1	1	104459001	68430001	3205000	del	4
cell32	chr1	0	95565001	44335001	5631000	del	4
cell32	chr1	0	78532001	59258001	14279000	gain	1
cell32	chr1	1	107336001	90189001	8466000	gain	2
ancestor46	chr1	1	6135001	6135001	3444000	gain	1
ancestor46	chr1	1	42962001	20044001	9302000	gain	1
cell33	chr1	1	45264001	38692001	9731000	del	1
cell33	chr1	0	163188001	76069001	1272000	gain	1
cell35	chr1	1	91993001	74880001	552000	gain	1
cell36	chr1	0	130602001	47882001	7674000	gain	2
cell36	chr1	0	128299001	45579001	2094000	del	1
cell37	chr1	0	168140001	90853001	146000	gain	3
cell37	chr1	1	21382001	21685001	2414000	del	2
cell37	chr1	0	26436001	29471001	1625000	gain	2
cell38	chr1	0	166662001	89375001	1362000	gain	4
cell39	chr1	1	16316001	16316001	2474000	gain	1
cell41	chr1	1	12075001	12075001	6232000	gain	1
cell41	chr1	1	114004001	90257001	7025000	gain	2
cell41	chr1	1	49141001	34735001	1552000	del	2
cell41	chr1	0	145703001	72430001	2235000	gain	6
cell42	chr1	1	65956001	49108001	6187000	del	1
cell42	chr1	1	23212001	23212001	3055000	del	4
cell42	chr1	0	32469001	32823001	1429000	del	1
ancestor47	chr1	0	137499001	53608001	5015000	gain	2
ancestor47	chr1	0	148186001	54265001	12387000	del	2
cell44	chr1	0	160617001	70638001	14233000	del	5
cell44	chr1	1	100026001	63997001	2807000	del	3
cell44	chr1	0	122893001	46933001	6723000	del	6
ancestor48	chr1	0	73173001	46362001	822000	gain	1
ancestor48	chr1	1	80510001	49160001	1735000	del	1
cell45	chr1	1	17092001	8273001	13817000	del	1
cell45	chr1	0	109856001	59445001	4000	gain	2
cell45	chr1	1	96056001	79980001	4033000	del	1
cell46	chr1	0	32104001	37040001	1237000	gain	2
cell47	chr1	1	49310001	39903001	440000	del	1
cell47	chr1	1	72135001	53397001	6649000	del	2
cell48	chr1	0	112047001	61802001	3541000	gain	2
cell48	chr1	0	90533001	48319001	264000	del	2
cell48	chr1	0	125628001	47389001	1874000	del	3
cell49	chr1	0	95219001	47729001	11301000	gain	1
cell49	chr1	1	34288001	29677001	705000	gain	2
cell50	chr1	1	60488001	53915001	2846000	del	1
cell50	chr1	0	105693001	60867001	145000	gain	1
cell50	chr1	0	40871001	38032001	786000	del	1
cell50	chr1	0	122192001	46051001	899000	del	1
cell50	chr1	1	10752001	5289001	3279000	del	1
